<?xml version="1.0" encoding="UTF-8" ?>
<!DOCTYPE configuration PUBLIC "-//mybatis.org//DTD Config 3.0//EN"  "http://mybatis.org/dtd/mybatis-3-config.dtd">

<configuration>

	<properties resource="dev.properties" />			
    
    <settings>
         <setting name="callSettersOnNulls" value="true"/>
    </settings>
    
	<environments default="development">

		<environment id="development">
			<transactionManager type="JDBC" />
			<dataSource type="UNPOOLED">
				<property name="driver" value="${driver}" />
				<property name="url" value="${url}" />
				<property name="username" value="${username}" />
				<property name="password" value="${password}" />
			 <!--	<property name="poolMaximumActiveConnections" value="1"/>
	            <property name="poolMaximumIdleConnections" value="1"/>
	            <property name="poolMaximumCheckoutTime" value="10000"/>
	            <property name="poolTimeToWait" value="500"/>
	            <property name="poolPingEnabled" value="true"/>
	            <property name="poolPingQuery" value="select 1"/>
	            <property name="poolPingConnectionsNotUsedFor" value="100"/>
	            <property name="poolTimeToWait" value="15000"/>	-->
			</dataSource>
		</environment>
	</environments>


	<mappers>
		<mapper resource="sql.xml" />		
	</mappers>

</configuration>