<?xml version="1.0" encoding="UTF-8" ?>
 <!DOCTYPE mapper PUBLIC "-//mybatis.org//DTD Mapper 3.0//EN" "http://mybatis.org/dtd/mybatis-3-mapper.dtd">

 <mapper namespace="mysql">

     <resultMap id="getUserList" type="com.happytalk.model.Users"/>

    <update id="editUserList" parameterType="java.util.HashMap">
        <![CDATA[
		       UPDATE border2_LC
		       set title=#{title}, contents=#{contents}, make_time = now()
		       where No = #{No}
		 ]]>
    </update>

    <delete id="delUserList" parameterType="java.util.HashMap">
        <![CDATA[
		       DELETE FROM border2_LC
		       where No=#{No}
		 ]]>
    </delete>

    <insert id="putUserList" parameterType="java.util.HashMap">
        <![CDATA[
		       INSERT INTO border2_LC (ID,NAME,TITLE,CONTENTS,MAKE_TIME)
		       VALUES (#{id},#{name},#{title},#{contents},NOW())
		 ]]>
    </insert>

    <select id="findUserList" parameterType="java.util.HashMap"  resultMap="getUserList">
		SELECT
		FROM border2_LC
		<where>
			<if test = "title != null">
			title LIKE concat('%',#{title},'%')
			</if>
				<if test = "contents != null">
			contents LIKE concat('%',#{contents},'%')
			</if>
			<if test = "name != null">
			name LIKE concat('%',#{name},'%')
			</if>
		</where>
		limit  #{page_start}, 10
    </select >
	<select  id="countUserList" parameterType="java.util.HashMap"  resultMap="getUserList">
		select * from border2_LC
	</select>


 </mapper> 